,0,1,2,3,4,5,6,7,8,9,10,11,12,13,14,15,16,17,18,19,20,21,22,23,24,25,26,27,28,29,30,31,32,33,34,35,36,37
0,$,1,SECURE,SAM1.0,DT,H,8.64337E+14,TN04E1234,0,0,0,0,0,0,0,0,0,0,0,0,0,BSNL,1,1,15,0,0,W,0,0,0,0,0,0,0,0,1,59*
1,$,1,SECURE,SAM1.0,DT,H,8.64337E+14,TN04E1234,0,0,0,0,0,0,0,0,0,0,0,0,0,BSNL,1,1,15,0,0,W,0,0,0,0,0,0,0,0,2,60*
2,$,1,SECURE,SAM1.0,DT,H,8.64337E+14,TN04E1234,0,0,0,0,0,0,0,0,0,0,0,0,0,BSNL,1,1,15,0,0,W,0,0,0,0,0,0,0,0,3,61*
3,$,1,SECURE,SAM1.0,DT,L,8.64337E+14,TN04E1234,0,6012080,50,0,0,0,0,0,0,0,0,0,0,BSNL,1,1,15,0,0,W,0,0,0,0,0,0,0,0,4,88*
4,$,1,SECURE,SAM1.0,DT,L,8.64337E+14,TN04E1234,0,6012080,100,0,0,0,0,0,0,0,0,0,0,BSNL,1,1,15,0,0,W,0,0,0,0,0,0,0,0,5,85*
5,$,1,SECURE,SAM1.0,DT,L,8.64337E+14,TN04E1234,0,6012080,110,0,0,0,0,0,0,0,0,0,0,BSNL,1,1,15,0,0,W,0,0,0,0,0,0,0,0,6,87*
6,$,1,SECURE,SAM1.0,DT,L,8.64337E+14,TN04E1234,0,6012080,120,0,0,0,0,0,0,0,0,0,0,BSNL,1,1,15,0,0,W,0,0,0,0,0,0,0,0,7,89*
7,$,1,SECURE,SAM1.0,DT,L,8.64337E+14,TN04E1234,0,6012080,130,0,0,0,0,0,0,0,0,0,0,BSNL,1,1,15,0,0,W,0,0,0,0,0,0,0,0,8,91*
8,$,1,SECURE,SAM1.0,DT,L,8.64337E+14,TN04E1234,0,6012080,140,0,0,0,0,0,0,0,0,0,0,BSNL,1,1,15,0,0,W,0,0,0,0,0,0,0,0,9,93*
9,$,1,SECURE,SAM1.0,DT,L,8.64337E+14,TN04E1234,0,6012080,150,0,0,0,0,0,0,0,0,0,0,BSNL,1,1,15,0,0,W,0,0,0,0,0,0,0,0,10,86*
10,$,1,SECURE,SAM1.0,DT,L,8.64337E+14,TN04E1234,0,6012080,200,0,0,0,0,0,0,0,0,0,0,BSNL,1,1,15,0,0,W,0,0,0,0,0,0,0,0,11,83*
11,$,1,SECURE,SAM1.0,DT,L,8.64337E+14,TN04E1234,0,6012080,210,0,0,0,0,0,0,0,0,0,0,BSNL,1,1,15,0,0,W,0,0,0,0,0,0,0,0,12,85*
12,$,1,SECURE,SAM1.0,DT,L,8.64337E+14,TN04E1234,0,6012080,220,0,0,0,0,0,0,0,0,0,0,BSNL,1,1,15,0,0,W,0,0,0,0,0,0,0,0,13,87*
13,$,1,SECURE,SAM1.0,DT,L,8.64337E+14,TN04E1234,0,6012080,230,0,0,0,0,0,0,0,0,0,0,BSNL,1,1,15,0,0,W,0,0,0,0,0,0,0,0,14,89*
14,$,1,SECURE,SAM1.0,DT,L,8.64337E+14,TN04E1234,0,6012080,240,0,0,0,0,0,0,0,0,0,0,BSNL,1,1,15,0,0,W,0,0,0,0,0,0,0,0,15,91*
15,$,1,SECURE,SAM1.0,DT,L,8.64337E+14,TN04E1234,0,6012080,250,0,0,0,0,0,0,0,0,0,0,BSNL,1,1,15,0,0,W,0,0,0,0,0,0,0,0,16,93*
16,$,1,SECURE,SAM1.0,DT,L,8.64337E+14,TN04E1234,0,6012080,300,0,0,0,0,0,0,0,0,0,0,BSNL,1,1,15,0,0,W,0,0,0,0,0,0,0,0,17,90*
17,$,1,SECURE,SAM1.0,DT,L,8.64337E+14,TN04E1234,0,6012080,310,0,0,0,0,0,0,0,0,0,0,BSNL,1,1,15,0,0,W,0,0,0,0,0,0,0,0,18,92*
18,$,1,SECURE,SAM1.0,DT,L,8.64337E+14,TN04E1234,0,6012080,320,0,0,0,0,0,0,0,0,0,0,BSNL,1,1,15,0,0,W,0,0,0,0,0,0,0,0,19,94*
19,$,1,SECURE,SAM1.0,DT,L,8.64337E+14,TN04E1234,0,6012080,330,0,0,0,0,0,0,0,0,0,0,BSNL,1,1,15,0,0,W,0,0,0,0,0,0,0,0,20,87*
20,$,1,SECURE,SAM1.0,DT,H,8.64337E+14,TN04E1234,0,6012080,330,0,0,0,0,0,0,0,0,0,0,BSNL,1,1,15,0,0,W,0,0,0,0,0,0,0,0,20,83*
21,$,1,SECURE,SAM1.0,DT,H,8.64337E+14,TN04E1234,0,6012080,340,0,0,0,0,0,0,0,0,0,0,BSNL,1,1,15,0,0,W,0,0,0,0,0,0,0,0,21,85*
22,$,1,SECURE,SAM1.0,DT,H,8.64337E+14,TN04E1234,0,6012080,350,0,0,0,0,0,0,0,0,0,0,BSNL,1,1,15,0,0,W,0,0,0,0,0,0,0,0,22,87*
23,$,1,SECURE,SAM1.0,DT,H,8.64337E+14,TN04E1234,0,6012080,400,0,0,0,0,0,0,0,0,0,0,BSNL,1,1,15,0,0,W,0,0,0,0,0,0,0,0,23,84*
24,$,1,SECURE,SAM1.0,DT,H,8.64337E+14,TN04E1234,0,6012080,410,0,0,0,0,0,0,0,0,0,0,BSNL,1,1,15,0,0,W,0,0,0,0,0,0,0,0,24,86*
25,$,1,SECURE,SAM1.0,DT,H,8.64337E+14,TN04E1234,0,6012080,420,0,0,0,0,0,0,0,0,0,0,BSNL,1,1,15,0,0,W,0,0,0,0,0,0,0,0,25,88*
26,$,1,SECURE,SAM1.0,DT,H,8.64337E+14,TN04E1234,0,6012080,430,0,0,0,0,0,0,0,0,0,0,BSNL,1,1,15,0,0,W,0,0,0,0,0,0,0,0,26,90*
27,$,1,SECURE,SAM1.0,DT,H,8.64337E+14,TN04E1234,0,6012080,440,0,0,0,0,0,0,0,0,0,0,BSNL,1,1,15,0,0,W,0,0,0,0,0,0,0,0,27,92*
28,$,1,SECURE,SAM1.0,DT,H,8.64337E+14,TN04E1234,0,6012080,450,0,0,0,0,0,0,0,0,0,0,BSNL,1,1,15,0,0,W,0,0,0,0,0,0,0,0,28,94*
29,$,1,SECURE,SAM1.0,DT,H,8.64337E+14,TN04E1234,0,6012080,500,0,0,0,0,0,0,0,0,0,0,BSNL,1,1,15,0,0,W,0,0,0,0,0,0,0,0,29,91*
30,$,1,SECURE,SAM1.0,DT,H,8.64337E+14,TN04E1234,0,6012080,510,0,0,0,0,0,0,0,0,0,0,BSNL,1,1,15,0,0,W,0,0,0,0,0,0,0,0,30,84*
31,$,1,SECURE,SAM1.0,DT,H,8.64337E+14,TN04E1234,0,6012080,520,0,0,0,0,0,0,0,0,0,0,BSNL,1,1,15,0,0,W,0,0,0,0,0,0,0,0,31,86*
32,$,1,SECURE,SAM1.0,DT,H,8.64337E+14,TN04E1234,0,6012080,530,0,0,0,0,0,0,0,0,0,0,BSNL,1,1,15,0,0,W,0,0,0,0,0,0,0,0,32,88*
33,$,1,SECURE,SAM1.0,DT,H,8.64337E+14,TN04E1234,0,6012080,540,0,0,0,0,0,0,0,0,0,0,BSNL,1,1,15,0,0,W,0,0,0,0,0,0,0,0,33,90*
34,$,1,SECURE,SAM1.0,DT,L,8.64337E+14,TN04E1234,0,6012080,550,0,0,0,0,0,0,0,0,0,0,BSNL,1,1,15,0,0,W,0,0,0,0,0,0,0,0,34,96*
35,$,1,SECURE,SAM1.0,DT,L,8.64337E+14,TN04E1234,0,6012080,600,0,0,0,0,0,0,0,0,0,0,BSNL,1,1,15,0,0,W,0,0,0,0,0,0,0,0,35,93*
36,$,1,SECURE,SAM1.0,DT,L,8.64337E+14,TN04E1234,0,6012080,610,0,0,0,0,0,0,0,0,0,0,BSNL,1,1,15,0,0,W,0,0,0,0,0,0,0,0,36,95*
37,$,1,SECURE,SAM1.0,DT,L,8.64337E+14,TN04E1234,0,6012080,620,0,0,0,0,0,0,0,0,0,0,BSNL,1,1,15,0,0,W,0,0,0,0,0,0,0,0,37,97*
38,$,1,SECURE,SAM1.0,DT,L,8.64337E+14,TN04E1234,0,6012080,630,0,0,0,0,0,0,0,0,0,0,BSNL,1,1,15,0,0,W,0,0,0,0,0,0,0,0,38,99*
39,$,1,SECURE,SAM1.0,DT,L,8.64337E+14,TN04E1234,0,6012080,640,0,0,0,0,0,0,0,0,0,0,BSNL,1,1,15,0,0,W,0,0,0,0,0,0,0,0,39,101*
40,$,1,SECURE,SAM1.0,DT,L,8.64337E+14,TN04E1234,0,6012080,650,0,0,0,0,0,0,0,0,0,0,BSNL,1,1,15,0,0,W,0,0,0,0,0,0,0,0,40,94*
41,$,1,SECURE,SAM1.0,DT,L,8.64337E+14,TN04E1234,0,6012080,700,0,0,0,0,0,0,0,0,0,0,BSNL,1,1,15,0,0,W,0,0,0,0,0,0,0,0,41,91*
42,$,1,SECURE,SAM1.0,DT,L,8.64337E+14,TN04E1234,0,6012080,710,0,0,0,0,0,0,0,0,0,0,BSNL,1,1,15,0,0,W,0,0,0,0,0,0,0,0,42,93*
43,$,1,SECURE,SAM1.0,DT,L,8.64337E+14,TN04E1234,0,6012080,720,0,0,0,0,0,0,0,0,0,0,BSNL,1,1,15,0,0,W,0,0,0,0,0,0,0,0,43,95*
44,$,1,SECURE,SAM1.0,DT,L,8.64337E+14,TN04E1234,0,6012080,730,0,0,0,0,0,0,0,0,0,0,BSNL,1,1,15,0,0,W,0,0,0,0,0,0,0,0,44,97*
45,$,1,SECURE,SAM1.0,DT,L,8.64337E+14,TN04E1234,0,6012080,743,0,0,0,0,0,0,0,0,0,0,BSNL,1,1,15,0,0,W,0,0,0,0,0,0,0,0,45,102*
46,$,1,SECURE,SAM1.0,DT,L,8.64337E+14,TN04E1234,0,6012080,753,0,0,0,0,0,0,0,0,0,0,BSNL,1,1,15,0,0,W,0,0,0,0,0,0,0,0,46,104*
47,$,1,SECURE,SAM1.0,DT,L,8.64337E+14,TN04E1234,0,6012080,803,0,0,0,0,0,0,0,0,0,0,BSNL,1,1,15,0,0,W,0,0,0,0,0,0,0,0,47,101*
48,$,1,SECURE,SAM1.0,DT,L,8.64337E+14,TN04E1234,0,6012080,813,0,0,0,0,0,0,0,0,0,0,BSNL,1,1,15,0,0,W,0,0,0,0,0,0,0,0,48,103*
49,$,1,SECURE,SAM1.0,DT,L,8.64337E+14,TN04E1234,0,6012080,823,0,0,0,0,0,0,0,0,0,0,BSNL,1,1,15,0,0,W,0,0,0,0,0,0,0,0,49,105*
50,$,1,SECURE,SAM1.0,DT,H,8.64337E+14,TN04E1234,0,6012080,730,0,0,0,0,0,0,0,0,0,0,BSNL,1,1,15,0,0,W,0,0,0,0,0,0,0,0,44,93*
51,$,1,SECURE,SAM1.0,DT,H,8.64337E+14,TN04E1234,0,6012080,743,0,0,0,0,0,0,0,0,0,0,BSNL,1,1,15,0,0,W,0,0,0,0,0,0,0,0,45,98*
52,$,1,SECURE,SAM1.0,DT,H,8.64337E+14,TN04E1234,0,6012080,753,0,0,0,0,0,0,0,0,0,0,BSNL,1,1,15,0,0,W,0,0,0,0,0,0,0,0,46,100*
53,$,1,SECURE,SAM1.0,DT,H,8.64337E+14,TN04E1234,0,6012080,803,0,0,0,0,0,0,0,0,0,0,BSNL,1,1,15,0,0,W,0,0,0,0,0,0,0,0,47,97*
54,$,1,SECURE,SAM1.0,DT,H,8.64337E+14,TN04E1234,0,6012080,813,0,0,0,0,0,0,0,0,0,0,BSNL,1,1,15,0,0,W,0,0,0,0,0,0,0,0,48,99*
55,$,1,SECURE,SAM1.0,DT,H,8.64337E+14,TN04E1234,0,6012080,823,0,0,0,0,0,0,0,0,0,0,BSNL,1,1,15,0,0,W,0,0,0,0,0,0,0,0,49,101*
56,$,1,SECURE,SAM1.0,DT,H,8.64337E+14,TN04E1234,0,6012080,833,0,0,0,0,0,0,0,0,0,0,BSNL,1,1,15,0,0,W,0,0,0,0,0,0,0,0,50,94*
57,$,1,SECURE,SAM1.0,DT,H,8.64337E+14,TN04E1234,0,6012080,843,0,0,0,0,0,0,0,0,0,0,BSNL,1,1,15,0,0,W,0,0,0,0,0,0,0,0,51,96*
58,$,1,SECURE,SAM1.0,DT,H,8.64337E+14,TN04E1234,0,6012080,853,0,0,0,0,0,0,0,0,0,0,BSNL,1,1,15,0,0,W,0,0,0,0,0,0,0,0,52,98*
59,$,1,SECURE,SAM1.0,DT,H,8.64337E+14,TN04E1234,0,6012080,903,0,0,0,0,0,0,0,0,0,0,BSNL,1,1,15,0,0,W,0,0,0,0,0,0,0,0,53,95*
60,$,1,SECURE,SAM1.0,DT,H,8.64337E+14,TN04E1234,0,6012080,913,0,0,0,0,0,0,0,0,0,0,BSNL,1,1,15,0,0,W,0,0,0,0,0,0,0,0,54,97*
61,$,1,SECURE,SAM1.0,DT,H,8.64337E+14,TN04E1234,0,6012080,923,0,0,0,0,0,0,0,0,0,0,BSNL,1,1,15,0,0,W,0,0,0,0,0,0,0,0,55,99*
62,$,1,SECURE,SAM1.0,DT,H,8.64337E+14,TN04E1234,0,6012080,933,0,0,0,0,0,0,0,0,0,0,BSNL,1,1,15,0,0,W,0,0,0,0,0,0,0,0,56,101*
63,$,1,SECURE,SAM1.0,DT,H,8.64337E+14,TN04E1234,0,6012080,943,0,0,0,0,0,0,0,0,0,0,BSNL,1,1,15,0,0,W,0,0,0,0,0,0,0,0,57,103*
64,$,1,SECURE,SAM1.0,DT,H,8.64337E+14,TN04E1234,0,6012080,953,0,0,0,0,0,0,0,0,0,0,BSNL,1,1,15,0,0,W,0,0,0,0,0,0,0,0,58,105*
65,$,1,SECURE,SAM1.0,DT,H,8.64337E+14,TN04E1234,0,6012080,1003,0,0,0,0,0,0,0,0,0,0,BSNL,1,1,15,0,0,W,0,0,0,0,0,0,0,0,59,93*
66,$,1,SECURE,SAM1.0,DT,L,8.64337E+14,TN04E1234,0,6012080,1013,0,0,0,0,0,0,0,0,0,0,BSNL,1,1,15,0,0,W,0,0,0,0,0,0,0,0,60,90*
67,$,1,SECURE,SAM1.0,DT,L,8.64337E+14,TN04E1234,0,6012080,1023,0,0,0,0,0,0,0,0,0,0,BSNL,1,1,15,0,0,W,0,0,0,0,0,0,0,0,61,92*
68,$,1,SECURE,SAM1.0,DT,L,8.64337E+14,TN04E1234,0,6012080,1033,0,0,0,0,0,0,0,0,0,0,BSNL,1,1,15,0,0,W,0,0,0,0,0,0,0,0,62,94*
69,$,1,SECURE,SAM1.0,DT,L,8.64337E+14,TN04E1234,0,6012080,1043,0,0,0,0,0,0,0,0,0,0,BSNL,1,1,15,0,0,W,0,0,0,0,0,0,0,0,63,96*
70,$,1,SECURE,SAM1.0,DT,L,8.64337E+14,TN04E1234,0,6012080,1053,0,0,0,0,0,0,0,0,0,0,BSNL,1,1,15,0,0,W,0,0,0,0,0,0,0,0,64,98*
71,$,1,SECURE,SAM1.0,DT,L,8.64337E+14,TN04E1234,0,6012080,1103,0,0,0,0,0,0,0,0,0,0,BSNL,1,1,15,0,0,W,0,0,0,0,0,0,0,0,65,95*
72,$,1,SECURE,SAM1.0,DT,L,8.64337E+14,TN04E1234,0,6012080,1113,0,0,0,0,0,0,0,0,0,0,BSNL,1,1,15,0,0,W,0,0,0,0,0,0,0,0,66,97*
73,$,1,SECURE,SAM1.0,DT,L,8.64337E+14,TN04E1234,0,6012080,1123,0,0,0,0,0,0,0,0,0,0,BSNL,1,1,15,0,0,W,0,0,0,0,0,0,0,0,67,99*
74,$,1,SECURE,SAM1.0,DT,L,8.64337E+14,TN04E1234,0,6012080,1133,0,0,0,0,0,0,0,0,0,0,BSNL,1,1,15,0,0,W,0,0,0,0,0,0,0,0,68,101*
75,$,1,SECURE,SAM1.0,DT,L,8.64337E+14,TN04E1234,0,6012080,1143,0,0,0,0,0,0,0,0,0,0,BSNL,1,1,15,0,0,W,0,0,0,0,0,0,0,0,69,103*
76,$,1,SECURE,SAM1.0,DT,L,8.64337E+14,TN04E1234,0,6012080,1153,0,0,0,0,0,0,0,0,0,0,BSNL,1,1,15,0,0,W,0,0,0,0,0,0,0,0,70,96*
77,$,1,SECURE,SAM1.0,DT,L,8.64337E+14,TN04E1234,0,6012080,1203,0,0,0,0,0,0,0,0,0,0,BSNL,1,1,15,0,0,W,0,0,0,0,0,0,0,0,71,93*
78,$,1,SECURE,SAM1.0,DT,L,8.64337E+14,TN04E1234,0,6012080,1213,0,0,0,0,0,0,0,0,0,0,BSNL,1,1,15,0,0,W,0,0,0,0,0,0,0,0,72,95*
79,$,1,SECURE,SAM1.0,DT,L,8.64337E+14,TN04E1234,0,6012080,1223,0,0,0,0,0,0,0,0,0,0,BSNL,1,1,15,0,0,W,0,0,0,0,0,0,0,0,73,97*
80,$,1,SECURE,SAM1.0,DT,L,8.64337E+14,TN04E1234,0,6012080,1233,0,0,0,0,0,0,0,0,0,0,BSNL,1,1,15,0,0,W,0,0,0,0,0,0,0,0,74,99*
81,$,1,SECURE,SAM1.0,DT,L,8.64337E+14,TN04E1234,0,6012080,1243,0,0,0,0,0,0,0,0,0,0,BSNL,1,1,15,0,0,W,0,0,0,0,0,0,0,0,75,101*
82,$,1,SECURE,SAM1.0,DT,L,8.64337E+14,TN04E1234,0,6012080,1253,0,0,0,0,0,0,0,0,0,0,BSNL,1,1,15,0,0,W,0,0,0,0,0,0,0,0,76,103*
83,$,1,SECURE,SAM1.0,DT,L,8.64337E+14,TN04E1234,0,6012080,1303,0,0,0,0,0,0,0,0,0,0,BSNL,1,1,15,0,0,W,0,0,0,0,0,0,0,0,77,100*
84,$,1,SECURE,SAM1.0,DT,L,8.64337E+14,TN04E1234,0,6012080,1313,0,0,0,0,0,0,0,0,0,0,BSNL,1,1,15,0,0,W,0,0,0,0,0,0,0,0,78,102*
85,$,1,SECURE,SAM1.0,DT,L,8.64337E+14,TN04E1234,0,6012080,1323,0,0,0,0,0,0,0,0,0,0,BSNL,1,1,15,0,0,W,0,0,0,0,0,0,0,0,79,104*
86,$,1,SECURE,SAM1.0,DT,L,8.64337E+14,TN04E1234,0,6012080,1333,0,0,0,0,0,0,0,0,0,0,BSNL,1,1,15,0,0,W,0,0,0,0,0,0,0,0,80,97*
87,$,1,SECURE,SAM1.0,DT,L,8.64337E+14,TN04E1234,0,6012080,1343,0,0,0,0,0,0,0,0,0,0,BSNL,1,1,15,0,0,W,0,0,0,0,0,0,0,0,81,99*
88,$,1,SECURE,SAM1.0,DT,L,8.64337E+14,TN04E1234,0,6012080,1353,0,0,0,0,0,0,0,0,0,0,BSNL,1,1,15,0,0,W,0,0,0,0,0,0,0,0,82,101*
89,$,1,SECURE,SAM1.0,DT,L,8.64337E+14,TN04E1234,0,6012080,1403,0,0,0,0,0,0,0,0,0,0,BSNL,1,1,15,0,0,W,0,0,0,0,0,0,0,0,83,98*
90,$,1,SECURE,SAM1.0,DT,L,8.64337E+14,TN04E1234,0,6012080,1413,0,0,0,0,0,0,0,0,0,0,BSNL,1,1,15,0,0,W,0,0,0,0,0,0,0,0,84,100*
91,$,1,SECURE,SAM1.0,DT,L,8.64337E+14,TN04E1234,0,6012080,1423,0,0,0,0,0,0,0,0,0,0,BSNL,1,1,15,0,0,W,0,0,0,0,0,0,0,0,85,102*
92,$,1,SECURE,SAM1.0,DT,L,8.64337E+14,TN04E1234,0,6012080,1423,0,0,0,0,0,0,0,0,0,0,BSNL,1,1,15,0,0,W,0,0,0,0,0,0,0,0,85,102*
93,$,1,SECURE,SAM1.0,DT,L,8.64337E+14,TN04E1234,0,6012080,1433,0,0,0,0,0,0,0,0,0,0,BSNL,1,1,15,0,0,W,0,0,0,0,0,0,0,0,86,104*
94,$,1,SECURE,SAM1.0,DT,L,8.64337E+14,TN04E1234,0,6012080,1443,0,0,0,0,0,0,0,0,0,0,BSNL,1,1,15,0,0,W,0,0,0,0,0,0,0,0,87,106*
95,$,1,SECURE,SAM1.0,DT,L,8.64337E+14,TN04E1234,0,6012080,1453,0,0,0,0,0,0,0,0,0,0,BSNL,1,1,15,0,0,W,0,0,0,0,0,0,0,0,88,108*
96,$,1,SECURE,SAM1.0,DT,L,8.64337E+14,TN04E1234,0,6012080,1503,0,0,0,0,0,0,0,0,0,0,BSNL,1,1,15,0,0,W,0,0,0,0,0,0,0,0,89,105*
97,$,1,SECURE,SAM1.0,DT,L,8.64337E+14,TN04E1234,0,6012080,1513,0,0,0,0,0,0,0,0,0,0,BSNL,1,1,15,0,0,W,0,0,0,0,0,0,0,0,90,98*
98,$,1,SECURE,SAM1.0,DT,L,8.64337E+14,TN04E1234,0,6012080,1523,0,0,0,0,0,0,0,0,0,0,BSNL,1,1,15,0,0,W,0,0,0,0,0,0,0,0,91,100*
99,$,1,SECURE,SAM1.0,DT,L,8.64337E+14,TN04E1234,0,6012080,1533,0,0,0,0,0,0,0,0,0,0,BSNL,1,1,15,0,0,W,0,0,0,0,0,0,0,0,92,102*
100,$,1,SECURE,SAM1.0,DT,L,8.64337E+14,TN04E1234,0,6012080,1543,0,0,0,0,0,0,0,0,0,0,BSNL,1,1,15,0,0,W,0,0,0,0,0,0,0,0,93,104*
101,$,1,SECURE,SAM1.0,DT,L,8.64337E+14,TN04E1234,0,6012080,1553,0,0,0,0,0,0,0,0,0,0,BSNL,1,1,15,0,0,W,0,0,0,0,0,0,0,0,94,106*
102,$,1,SECURE,SAM1.0,DT,L,8.64337E+14,TN04E1234,0,6012080,1603,0,0,0,0,0,0,0,0,0,0,BSNL,1,1,15,0,0,W,0,0,0,0,0,0,0,0,95,103*
103,$,1,SECURE,SAM1.0,DT,L,8.64337E+14,TN04E1234,0,6012080,1613,0,0,0,0,0,0,0,0,0,0,BSNL,1,1,15,0,0,W,0,0,0,0,0,0,0,0,96,105*
104,$,1,SECURE,SAM1.0,DT,L,8.64337E+14,TN04E1234,0,6012080,1623,0,0,0,0,0,0,0,0,0,0,BSNL,1,1,15,0,0,W,0,0,0,0,0,0,0,0,97,107*
105,$,1,SECURE,SAM1.0,DT,L,8.64337E+14,TN04E1234,0,6012080,1633,0,0,0,0,0,0,0,0,0,0,BSNL,1,1,15,0,0,W,0,0,0,0,0,0,0,0,98,109*
106,$,1,SECURE,SAM1.0,DT,L,8.64337E+14,TN04E1234,0,6012080,1723,0,0,0,0,0,0,0,0,0,0,BSNL,1,1,15,0,0,W,0,0,0,0,0,0,0,0,103,96*
107,$,1,SECURE,SAM1.0,DT,L,8.64337E+14,TN04E1234,0,6012080,1733,0,0,0,0,0,0,0,0,0,0,BSNL,1,1,15,0,0,W,0,0,0,0,0,0,0,0,104,98*
108,$,1,SECURE,SAM1.0,DT,L,8.64337E+14,TN04E1234,0,6012080,1743,0,0,0,0,0,0,0,0,0,0,BSNL,1,1,15,0,0,W,0,0,0,0,0,0,0,0,105,100*
109,$,1,SECURE,SAM1.0,DT,L,8.64337E+14,TN04E1234,0,6012080,1753,0,0,0,0,0,0,0,0,0,0,BSNL,1,1,15,0,0,W,0,0,0,0,0,0,0,0,106,102*
110,$,1,SECURE,SAM1.0,DT,L,8.64337E+14,TN04E1234,0,6012080,1803,0,0,0,0,0,0,0,0,0,0,BSNL,1,1,15,0,0,W,0,0,0,0,0,0,0,0,107,99*
111,$,1,SECURE,SAM1.0,DT,L,8.64337E+14,TN04E1234,0,6012080,1813,0,0,0,0,0,0,0,0,0,0,BSNL,1,1,15,0,0,W,0,0,0,0,0,0,0,0,108,101*
112,$,1,SECURE,SAM1.0,DT,L,8.64337E+14,TN04E1234,0,6012080,1823,0,0,0,0,0,0,0,0,0,0,BSNL,1,1,15,0,0,W,0,0,0,0,0,0,0,0,109,103*
113,$,1,SECURE,SAM1.0,DT,L,8.64337E+14,TN04E1234,0,6012080,1833,0,0,0,0,0,0,0,0,0,0,BSNL,1,1,15,0,0,W,0,0,0,0,0,0,0,0,110,96*
114,$,1,SECURE,SAM1.0,DT,L,8.64337E+14,TN04E1234,0,6012080,1843,0,0,0,0,0,0,0,0,0,0,BSNL,1,1,15,0,0,W,0,0,0,0,0,0,0,0,111,98*
115,$,1,SECURE,SAM1.0,DT,L,8.64337E+14,TN04E1234,0,6012080,1853,0,0,0,0,0,0,0,0,0,0,BSNL,1,1,15,0,0,W,0,0,0,0,0,0,0,0,112,100*
116,$,1,SECURE,SAM1.0,DT,L,8.64337E+14,TN04E1234,0,6012080,1903,0,0,0,0,0,0,0,0,0,0,BSNL,1,1,15,0,0,W,0,0,0,0,0,0,0,0,113,97*
117,$,1,SECURE,SAM1.0,DT,L,8.64337E+14,TN04E1234,0,6012080,1913,0,0,0,0,0,0,0,0,0,0,BSNL,1,1,15,0,0,W,0,0,0,0,0,0,0,0,114,99*
118,$,1,SECURE,SAM1.0,DT,L,8.64337E+14,TN04E1234,0,6012080,1923,0,0,0,0,0,0,0,0,0,0,BSNL,1,1,15,0,0,W,0,0,0,0,0,0,0,0,115,101*
119,$,1,SECURE,SAM1.0,DT,L,8.64337E+14,TN04E1234,0,6012080,1923,0,0,0,0,0,0,0,0,0,0,BSNL,1,1,15,0,0,W,0,0,0,0,0,0,0,0,115,101*
120,$,1,SECURE,SAM1.0,DT,L,8.64337E+14,TN04E1234,0,6012080,1933,0,0,0,0,0,0,0,0,0,0,BSNL,1,1,15,0,0,W,0,0,0,0,0,0,0,0,116,103*
121,$,1,SECURE,SAM1.0,DT,L,8.64337E+14,TN04E1234,0,6012080,1943,0,0,0,0,0,0,0,0,0,0,BSNL,1,1,15,0,0,W,0,0,0,0,0,0,0,0,117,105*
122,$,1,SECURE,SAM1.0,DT,L,8.64337E+14,TN04E1234,0,6012080,1953,0,0,0,0,0,0,0,0,0,0,BSNL,1,1,15,0,0,W,0,0,0,0,0,0,0,0,118,107*
123,$,1,SECURE,SAM1.0,DT,L,8.64337E+14,TN04E1234,0,6012080,2003,0,0,0,0,0,0,0,0,0,0,BSNL,1,1,15,0,0,W,0,0,0,0,0,0,0,0,119,95*
124,$,1,SECURE,SAM1.0,DT,L,8.64337E+14,TN04E1234,0,6012080,2013,0,0,0,0,0,0,0,0,0,0,BSNL,1,1,15,0,0,W,0,0,0,0,0,0,0,0,120,88*
125,$,1,SECURE,SAM1.0,DT,L,8.64337E+14,TN04E1234,0,6012080,2023,0,0,0,0,0,0,0,0,0,0,BSNL,1,1,15,0,0,W,0,0,0,0,0,0,0,0,121,90*
126,$,1,SECURE,SAM1.0,DT,L,8.64337E+14,TN04E1234,0,6012080,2033,0,0,0,0,0,0,0,0,0,0,BSNL,1,1,15,0,0,W,0,0,0,0,0,0,0,0,122,92*
127,$,1,SECURE,SAM1.0,DT,L,8.64337E+14,TN04E1234,0,6012080,2043,0,0,0,0,0,0,0,0,0,0,BSNL,1,1,15,0,0,W,0,0,0,0,0,0,0,0,123,94*
128,$,1,SECURE,SAM1.0,DT,L,8.64337E+14,TN04E1234,0,6012080,2053,0,0,0,0,0,0,0,0,0,0,BSNL,1,1,15,0,0,W,0,0,0,0,0,0,0,0,124,96*
129,$,1,SECURE,SAM1.0,DT,L,8.64337E+14,TN04E1234,0,6012080,2103,0,0,0,0,0,0,0,0,0,0,BSNL,1,1,15,0,0,W,0,0,0,0,0,0,0,0,125,93*
130,$,1,SECURE,SAM1.0,DT,L,8.64337E+14,TN04E1234,0,6012080,2113,0,0,0,0,0,0,0,0,0,0,BSNL,1,1,15,0,0,W,0,0,0,0,0,0,0,0,126,95*
131,$,1,SECURE,SAM1.0,DT,L,8.64337E+14,TN04E1234,0,6012080,2123,0,0,0,0,0,0,0,0,0,0,BSNL,1,1,15,0,0,W,0,0,0,0,0,0,0,0,127,97*
132,$,1,SECURE,SAM1.0,DT,L,8.64337E+14,TN04E1234,0,6012080,2133,0,0,0,0,0,0,0,0,0,0,BSNL,1,1,15,0,0,W,0,0,0,0,0,0,0,0,128,99*
133,$,1,SECURE,SAM1.0,DT,L,8.64337E+14,TN04E1234,0,6012080,2143,0,0,0,0,0,0,0,0,0,0,BSNL,1,1,15,0,0,W,0,0,0,0,0,0,0,0,129,101*
134,$,1,SECURE,SAM1.0,DT,L,8.64337E+14,TN04E1234,0,6012080,2153,0,0,0,0,0,0,0,0,0,0,BSNL,1,1,15,0,0,W,0,0,0,0,0,0,0,0,130,94*
135,$,1,SECURE,SAM1.0,DT,L,8.64337E+14,TN04E1234,0,6012080,2203,0,0,0,0,0,0,0,0,0,0,BSNL,1,1,15,0,0,W,0,0,0,0,0,0,0,0,131,91*
136,$,1,SECURE,SAM1.0,DT,L,8.64337E+14,TN04E1234,0,6012080,2223,0,0,0,0,0,0,0,0,0,0,BSNL,1,1,15,0,0,W,0,0,0,0,0,0,0,0,133,95*
137,$,1,SECURE,SAM1.0,DT,L,8.64337E+14,TN04E1234,0,6012080,2233,0,0,0,0,0,0,0,0,0,0,BSNL,1,1,15,0,0,W,0,0,0,0,0,0,0,0,134,97*
138,$,1,SECURE,SAM1.0,DT,L,8.64337E+14,TN04E1234,0,6012080,2243,0,0,0,0,0,0,0,0,0,0,BSNL,1,1,15,0,0,W,0,0,0,0,0,0,0,0,135,99*
139,$,1,SECURE,SAM1.0,DT,L,8.64337E+14,TN04E1234,0,6012080,2253,0,0,0,0,0,0,0,0,0,0,BSNL,1,1,15,0,0,W,0,0,0,0,0,0,0,0,136,101*
140,$,1,SECURE,SAM1.0,DT,L,8.64337E+14,TN04E1234,0,6012080,2303,0,0,0,0,0,0,0,0,0,0,BSNL,1,1,15,0,0,W,0,0,0,0,0,0,0,0,137,98*
141,$,1,SECURE,SAM1.0,DT,L,8.64337E+14,TN04E1234,0,6012080,2313,0,0,0,0,0,0,0,0,0,0,BSNL,1,1,15,0,0,W,0,0,0,0,0,0,0,0,138,100*
142,$,1,SECURE,SAM1.0,DT,L,8.64337E+14,TN04E1234,0,6012080,2323,0,0,0,0,0,0,0,0,0,0,BSNL,1,1,15,0,0,W,0,0,0,0,0,0,0,0,139,102*
143,$,1,SECURE,SAM1.0,DT,L,8.64337E+14,TN04E1234,0,6012080,2333,0,0,0,0,0,0,0,0,0,0,BSNL,1,1,15,0,0,W,0,0,0,0,0,0,0,0,140,95*
144,$,1,SECURE,SAM1.0,DT,L,8.64337E+14,TN04E1234,0,6012080,2343,0,0,0,0,0,0,0,0,0,0,BSNL,1,1,15,0,0,W,0,0,0,0,0,0,0,0,141,97*
145,$,1,SECURE,SAM1.0,DT,L,8.64337E+14,TN04E1234,0,6012080,2353,0,0,0,0,0,0,0,0,0,0,BSNL,1,1,15,0,0,W,0,0,0,0,0,0,0,0,142,99*
146,$,1,SECURE,SAM1.0,DT,L,8.64337E+14,TN04E1234,0,6012080,2403,0,0,0,0,0,0,0,0,0,0,BSNL,1,1,15,0,0,W,0,0,0,0,0,0,0,0,143,96*
147,$,1,SECURE,SAM1.0,DT,L,8.64337E+14,TN04E1234,0,6012080,2413,0,0,0,0,0,0,0,0,0,0,BSNL,1,1,15,0,0,W,0,0,0,0,0,0,0,0,144,98*
148,$,1,SECURE,SAM1.0,DT,L,8.64337E+14,TN04E1234,0,6012080,2423,0,0,0,0,0,0,0,0,0,0,BSNL,1,1,15,0,0,W,0,0,0,0,0,0,0,0,145,100*
149,$,1,SECURE,SAM1.0,DT,L,8.64337E+14,TN04E1234,0,6012080,2433,0,0,0,0,0,0,0,0,0,0,BSNL,1,1,15,0,0,W,0,0,0,0,0,0,0,0,146,102*
150,$,1,SECURE,SAM1.0,DT,L,8.64337E+14,TN04E1234,0,6012080,2443,0,0,0,0,0,0,0,0,0,0,BSNL,1,1,15,0,0,W,0,0,0,0,0,0,0,0,147,104*
151,$,1,SECURE,SAM1.0,DT,L,8.64337E+14,TN04E1234,0,6012080,2453,0,0,0,0,0,0,0,0,0,0,BSNL,1,1,15,0,0,W,0,0,0,0,0,0,0,0,148,106*
152,$,1,SECURE,SAM1.0,DT,L,8.64337E+14,TN04E1234,0,6012080,2503,0,0,0,0,0,0,0,0,0,0,BSNL,1,1,15,0,0,W,0,0,0,0,0,0,0,0,149,103*
153,$,1,SECURE,SAM1.0,DT,L,8.64337E+14,TN04E1234,0,6012080,2513,0,0,0,0,0,0,0,0,0,0,BSNL,1,1,15,0,0,W,0,0,0,0,0,0,0,0,150,96*
154,$,1,SECURE,SAM1.0,DT,L,8.64337E+14,TN04E1234,0,6012080,2523,0,0,0,0,0,0,0,0,0,0,BSNL,1,1,15,0,0,W,0,0,0,0,0,0,0,0,151,98*
155,$,1,SECURE,SAM1.0,DT,L,8.64337E+14,TN04E1234,0,6012080,2533,0,0,0,0,0,0,0,0,0,0,BSNL,1,1,15,0,0,W,0,0,0,0,0,0,0,0,152,100*
156,$,1,SECURE,SAM1.0,DT,L,8.64337E+14,TN04E1234,0,6012080,2533,0,0,0,0,0,0,0,0,0,0,BSNL,1,1,15,0,0,W,0,0,0,0,0,0,0,0,152,100*
157,$,1,SECURE,SAM1.0,DT,L,8.64337E+14,TN04E1234,0,6012080,2553,0,0,0,0,0,0,0,0,0,0,BSNL,1,1,15,0,0,W,0,0,0,0,0,0,0,0,154,104*
158,$,1,SECURE,SAM1.0,DT,L,8.64337E+14,TN04E1234,0,6012080,2603,0,0,0,0,0,0,0,0,0,0,BSNL,1,1,15,0,0,W,0,0,0,0,0,0,0,0,155,101*
159,$,1,SECURE,SAM1.0,DT,L,8.64337E+14,TN04E1234,0,6012080,2613,0,0,0,0,0,0,0,0,0,0,BSNL,1,1,15,0,0,W,0,0,0,0,0,0,0,0,156,103*
160,$,1,SECURE,SAM1.0,DT,L,8.64337E+14,TN04E1234,0,6012080,2623,0,0,0,0,0,0,0,0,0,0,BSNL,1,1,15,0,0,W,0,0,0,0,0,0,0,0,157,105*
161,$,1,SECURE,SAM1.0,DT,L,8.64337E+14,TN04E1234,0,6012080,2633,0,0,0,0,0,0,0,0,0,0,BSNL,1,1,15,0,0,W,0,0,0,0,0,0,0,0,158,107*
162,$,1,SECURE,SAM1.0,DT,L,8.64337E+14,TN04E1234,0,6012080,2643,0,0,0,0,0,0,0,0,0,0,BSNL,1,1,15,0,0,W,0,0,0,0,0,0,0,0,159,109*
163,$,1,SECURE,SAM1.0,DT,L,8.64337E+14,TN04E1234,0,6012080,2653,0,0,0,0,0,0,0,0,0,0,BSNL,1,1,15,0,0,W,0,0,0,0,0,0,0,0,160,102*
164,$,1,SECURE,SAM1.0,DT,L,8.64337E+14,TN04E1234,0,6012080,2703,0,0,0,0,0,0,0,0,0,0,BSNL,1,1,15,0,0,W,0,0,0,0,0,0,0,0,161,99*
